Workbook

Sheet Master
A1: PUNDICCI INVESTMENT COLLECTIVE — MASTER SUMMARY
A3: COLLECTIVE ACCOUNT BALANCE | D3: ='2026 Tracker'!I50
A5: Member | B5: Annual Total | C5: Amount Paid | D5: Outstanding | E5: Status | F5: Next Due | G5: Notes
A6: Charlie | B6: 360 | C6: 360 | D6: 0 | E6: ✓ PAID IN FULL | F6: — | G6: Full year pre-paid
A7: Douchie | B7: 360 | C7: 360 | D7: 0 | E7: ✓ PAID IN FULL | F7: — | G7: Full year pre-paid
A8: Nic | B8: 360 | C8: 280 | D8: 80 | E8: ⚠ PARTIAL | F8: TBD | G8: $80 remaining outstanding
A9: Shannon | B9: 360 | C9: 0 | D9: 360 | E9: ✗ OVERDUE | F9: Immediate | G9: $120 owed for 4 past weeks
A10: TOTALS | B10: 1440 | C10: 1000 | D10: 440
A12: BET PERFORMANCE SUMMARY
A13: Member | B13: Bets | C13: Wins | D13: Losses | E13: Win Rate | F13: Total Return | G13: Net P&L
A14: Charlie | B14: 5 | C14: 2 | D14: 3 | E14: 0.4 | F14: 276.05 | G14: 126.05
A15: Nic | B15: 2 | C15: 1 | D15: 1 | E15: 0.5 | F15: 71.25 | G15: 11.25
A16: Shannon | B16: 4 | C16: 1 | D16: 3 | E16: 0.25 | F16: 120 | G16: 0
A17: Douchie | B17: 5 | C17: 1 | D17: 4 | E17: 0.2 | F17: 129.34 | G17: -20.66
A18: TOTALS | B18: 16 | C18: 5 | D18: 11 | E18: 0.3125 | F18: 596.64 | G18: 116.64
A20: Account balance as at 29 May 2026: $6,735.61 · Net P&L = Bet Return minus Stake (stake from captain's own pocket)

Sheet 2026 Tracker
A1: PUNDICCI INVESTMENT COLLECTIVE — 2026 TRACKER
A2: Date | B2: Captain | C2: Savings ($) | D2: Bet Description | E2: Odds | F2: Bet Stake ($) | G2: Bet Return ($) | H2: Win/Loss | I2: Pool Balance ($) | J2: Notes
A3: 24 Jan 2026 | B3: Douchie | C3: 0 | D3: Bet Lost | E3: 30 | F3: 30 | G3: 0 | H3: Loss | I3: =IF(G3="",6138.97+C3,6138.97+C3+G3)
A4: 31 Jan 2026 | B4: Charlie | C4: 0 | D4: Bet Lost | E4: 30 | F4: 30 | G4: 0 | H4: Loss | I4: =IF(G4="",I3+C4,I3+C4+G4)
A5: 07 Feb 2026 | B5: Shannon | C5: 0 | D5: Bet Lost | E5: 30 | F5: 30 | G5: 0 | H5: Loss | I5: =IF(G5="",I4+C5,I4+C5+G5)
A6: 14 Feb 2026 | B6: Nic | C6: 0 | D6: Bet Lost | E6: 30 | F6: 30 | G6: 0 | H6: Loss | I6: =IF(G6="",I5+C6,I5+C6+G6)
A7: 21 Feb 2026 | B7: Douchie | C7: 0 | D7: Flemington Quaddie | E7: 30 | F7: 30 | G7: 129.34 | H7: Win | I7: =IF(G7="",I6+C7,I6+C7+G7)
A8: 28 Feb 2026 | B8: Charlie | C8: 0 | D8: Flemington Race 8 - Ahha Ahha | E8: 5.5 | F8: 30 | G8: 165 | H8: Win | I8: =IF(G8="",I7+C8,I7+C8+G8)
A9: 07 Mar 2026 | B9: Shannon | C9: 0 | D9: Bet Lost | E9: 30 | F9: 30 | G9: 0 | H9: Loss | I9: =IF(G9="",I8+C9,I8+C9+G9)
A10: 14 Mar 2026 | B10: Nic | C10: 0 | D10: Multi - Melbourne Storm, Penrith Panthers, Queensland Reds | E10: 2.37 | F10: 30 | G10: 71.25 | H10: Win | I10: =IF(G10="",I9+C10,I9+C10+G10)
A11: 21 Mar 2026 | B11: Douchie | C11: 0 | D11: Bet Lost | E11: 30 | F11: 30 | G11: 0 | H11: Loss | I11: =IF(G11="",I10+C11,I10+C11+G11)
A12: 28 Mar 2026 | B12: Charlie | C12: 0 | D12: Bet Lost | E12: 30 | F12: 30 | G12: 0 | H12: Loss | I12: =IF(G12="",I11+C12,I11+C12+G12)
A13: 04 Apr 2026 | B13: Shannon | C13: 0 | D13: Randwick Race 7 - Joliestar | E13: 4 | F13: 30 | G13: 120 | H13: Win | I13: =IF(G13="",I12+C13,I12+C13+G13)
A14: 11 Apr 2026 | B14: Nic | C14: 0 | E14: 30 | F14: 30 | H14: No Bet | I14: =IF(G14="",I13+C14,I13+C14+G14)
A15: 18 Apr 2026 | B15: Douchie | C15: 0 | D15: Bet Lost | E15: 30 | F15: 30 | G15: 0 | H15: Loss | I15: =IF(G15="",I14+C15,I14+C15+G15)
A16: 25 Apr 2026 | B16: Charlie | C16: 0 | D16: (1) Morphetville R1 - Staand Deel @2.35 $25 stake | (2) Multi - Lions 40+, Cats 40+, St Kilda 1-39, Swans H2H $5 stake | E16: 2.35 / Multi | F16: 30 | G16: 111.05 | H16: Win | I16: =IF(G16="",I15+C16,I15+C16+G16)
A17: 02 May 2026 | B17: Shannon | C17: 0 | D17: Bet Lost | F17: 30 | G17: 0 | H17: Loss | I17: =IF(G17="",I16+C17,I16+C17+G17)
A18: 09 May 2026 | B18: Nic | C18: 0 | E18: 30 | F18: 30 | H18: No Bet | I18: =IF(G18="",I17+C18,I17+C18+G18)
A19: 16 May 2026 | B19: Douchie | C19: 0 | D19: Bet Lost | E19: 30 | F19: 30 | G19: 0 | H19: Loss | I19: =IF(G19="",I18+C19,I18+C19+G19)
A20: 23 May 2026 | B20: Charlie | C20: 0 | D20: Bet Lost | E20: — | F20: 20 | G20: 0 | H20: Loss | I20: =IF(G20="",I19+C20,I19+C20+G20) | J20: Partial — $10 SGM still pending
A21: 23 May 2026 | B21: Charlie | C21: 0 | D21: SGM — Carlton v Geelong Cats (9-leg) · Fri 29 May 19:40 | E21: 11.75 | F21: 10 | G21: — | H21: Pending | I21: =IF(G20="",I19+C20,I19+C20+G20) | J21: Pot. $117.50 | U178.5 pts, GEE H2H, Weitering/Dangerfield/De Koning 10+ disp, McGovern/Mannagh/S.Neale/Kemp 1+ goal
A22: 30 May 2026 | B22: Shannon | C22: 0 | E22: 30 | F22: 30 | I22: =IF(G21="",I20+C21,I20+C21+G21)
A23: 06 Jun 2026 | B23: Nic | C23: 0 | E23: 30 | F23: 30 | I23: =IF(G22="",I21+C22,I21+C22+G22)
A24: 13 Jun 2026 | B24: Douchie | C24: 0 | E24: 30 | F24: 30 | I24: =IF(G23="",I22+C23,I22+C23+G23)
A25: 20 Jun 2026 | B25: Charlie | C25: 0 | E25: 30 | F25: 30 | I25: =IF(G24="",I23+C24,I23+C24+G24)
A26: 27 Jun 2026 | B26: Shannon | C26: 0 | E26: 30 | F26: 30 | I26: =IF(G25="",I24+C25,I24+C25+G25)
A27: 04 Jul 2026 | B27: Nic | C27: 0 | E27: 30 | F27: 30 | I27: =IF(G26="",I25+C26,I25+C26+G26)
A28: 11 Jul 2026 | B28: Douchie | C28: 0 | E28: 30 | F28: 30 | I28: =IF(G27="",I26+C27,I26+C27+G27)
A29: 18 Jul 2026 | B29: Charlie | C29: 0 | E29: 30 | F29: 30 | I29: =IF(G28="",I27+C28,I27+C28+G28)
A30: 25 Jul 2026 | B30: Shannon | C30: 0 | E30: 30 | F30: 30 | I30: =IF(G29="",I28+C29,I28+C29+G29)
A31: 01 Aug 2026 | B31: Nic | C31: 0 | E31: 30 | F31: 30 | I31: =IF(G30="",I29+C30,I29+C30+G30)
A32: 08 Aug 2026 | B32: Douchie | C32: 0 | E32: 30 | F32: 30 | I32: =IF(G31="",I30+C31,I30+C31+G31)
A33: 15 Aug 2026 | B33: Charlie | C33: 0 | E33: 30 | F33: 30 | I33: =IF(G32="",I31+C32,I31+C32+G32)
... A51: 19 Dec 2026 | B51: Nic | C51: 0 | E51: 30 | F51: 30 | I51: =IF(G50="",I49+C50,I49+C50+G50)

Sheet Summary
A1: PIC 2026 — MEMBER SUMMARY
A2: Member | B2: Weeks as Captain | C2: Total Staked ($) | D2: Total Returned ($) | E2: Net P&L ($) | F2: Win Rate
A3: Douchie | B3: =COUNTIF('2026 Tracker'!B3:B50,A3) | C3: =SUMIF('2026 Tracker'!B3:B50,A3,'2026 Tracker'!E3:E50) | D3: =SUMIF('2026 Tracker'!B3:B50,A3,'2026 Tracker'!F3:F50) | E3: =D3-C3 | F3: =IFERROR(COUNTIFS('2026 Tracker'!B3:B50,A3,'2026 Tracker'!G3:G50,"Win")/COUNTIFS('2026 Tracker'!B3:B50,A3,'2026 Tracker'!G3:G50,"<>"),"-")
A4: Charlie | B4: =COUNTIF('2026 Tracker'!B3:B50,A4) | C4: =SUMIF('2026 Tracker'!B3:B50,A4,'2026 Tracker'!E3:E50) | D4: =SUMIF('2026 Tracker'!B3:B50,A4,'2026 Tracker'!F3:F50) | E4: =D4-C4 | F4: =IFERROR(COUNTIFS('2026 Tracker'!B3:B50,A4,'2026 Tracker'!G3:G50,"Win")/COUNTIFS('2026 Tracker'!B3:B50,A4,'2026 Tracker'!G3:G50,"<>"),"-")
A5: Shannon | B5: =COUNTIF('2026 Tracker'!B3:B50,A5) | C5: =SUMIF('2026 Tracker'!B3:B50,A5,'2026 Tracker'!E3:E50) | D5: =SUMIF('2026 Tracker'!B3:B50,A5,'2026 Tracker'!F3:F50) | E5: =D5-C5 | F5: =IFERROR(COUNTIFS('2026 Tracker'!B3:B50,A5,'2026 Tracker'!G3:G50,"Win")/COUNTIFS('2026 Tracker'!B3:B50,A5,'2026 Tracker'!G3:G50,"<>"),"-")
A6: Nic | B6: =COUNTIF('2026 Tracker'!B3:B50,A6) | C6: =SUMIF('2026 Tracker'!B3:B50,A6,'2026 Tracker'!E3:E50) | D6: =SUMIF('2026 Tracker'!B3:B50,A6,'2026 Tracker'!F3:F50) | E6: =D6-C6 | F6: =IFERROR(COUNTIFS('2026 Tracker'!B3:B50,A6,'2026 Tracker'!G3:G50,"Win")/COUNTIFS('2026 Tracker'!B3:B50,A6,'2026 Tracker'!G3:G50,"<>"),"-")
A7: Pool Balance | F7: ='2026 Tracker'!I50
A9: KEY | B9: Yellow cells = data to fill in | Blue text = hardcoded input | Black text = formula
A11: Opening Balance (30 Dec 2025) | F11: 5138.97
A13: PRE-PAYMENTS RECEIVED
A14: Charlie | B14: Full year savings pre-paid (12 × $30) | F14: 360
A15: Douchie | B15: Full year savings pre-paid (12 × $30) | F15: 360
A16: Nic | B16: Partial year savings pre-paid ($280 of $360) | F16: 280
